{"Accuracy": 0.821, "Precision": 0.8251032168130884, "Recall": 0.821, "F1": 0.8208549347485607}
