{
    "gradient_descent": {
        "convergence_rate": 1.507628623857293e+303,
        "final_solution_accuracy": 2.7374913709940453e+153,
        "computational_cost": 0.16766571998596191
    },
    "nesterovs_accelerated_gradient": {
        "convergence_rate": NaN,
        "final_solution_accuracy": NaN,
        "computational_cost": 0.016339778900146484
    },
    "newtons_method": {
        "convergence_rate": -2249.3864423686314,
        "final_solution_accuracy": 2.3199126307646766e-08,
        "computational_cost": 0.05507683753967285
    },
    "rmsprop": {
        "convergence_rate": -2249.3864423686314,
        "final_solution_accuracy": 2.3199126307646766e-08,
        "computational_cost": 9.512901306152344e-05
    }
}