{"Accuracy": 0.811, "Precision": 0.8145642555829715, "Recall": 0.811, "F1": 0.8108722139466467}
