{"Accuracy": 0.7985, "Precision": 0.8008647556477098, "Recall": 0.7985, "F1": 0.7981580518342577}
