{"Accuracy": 0.827, "Precision": 0.8276568041561658, "Recall": 0.827, "F1": 0.826017973910428}
