{"Accuracy": 0.793, "Precision": 0.795239024398564, "Recall": 0.793, "F1": 0.7925706551495995}
