{
    "gradient_descent": {
        "convergence_rate": 1.4227803143364515e+304,
        "final_solution_accuracy": 8.41361075574547e+153,
        "computational_cost": 0.14970183372497559
    },
    "nesterovs_accelerated_gradient": {
        "convergence_rate": NaN,
        "final_solution_accuracy": NaN,
        "computational_cost": 0.018490076065063477
    },
    "newtons_method": {
        "convergence_rate": -10.955218318769468,
        "final_solution_accuracy": 2.0499724905840264e-12,
        "computational_cost": 0.06438779830932617
    },
    "rmsprop": {
        "convergence_rate": -10.955218318769468,
        "final_solution_accuracy": 2.0499724905840264e-12,
        "computational_cost": 5.91278076171875e-05
    }
}