{"Accuracy": 0.805, "Precision": 0.8056109579615937, "Recall": 0.805, "F1": 0.8047095700204514}
